Chr,start,end,rank,score,strand
NC_013964.1,329318,329619,9,303.2526825,*
NC_013966.1,49326,49627,5,372.5380761,*
NC_013966.1,364460,364761,8,312.7026585,*
NC_013966.1,462545,462846,7,327.579089,*
NC_013966.1,487247,487548,2,753.7817334,*
NC_013967.1,426416,426717,4,397.7598735,*
NC_013967.1,813980,814281,6,344.4128961,*
NC_013967.1,1159564,1159865,3,627.8577271,*
NC_013967.1,2477388,2477689,1,821.6865129,*
